username,channel_id
mrbeast,UCX6OQ3DkcsbYNE6H8uQQuVA
bankzitters,UC72_FRBE63kbHDYeKgc5HDg
enzoknol,UCh8bTHe4T8o7RIU7R5EPX-w
gio,UCzK9UevsDrNpuPON_H1EepA
qucee,UCfqnx4kPKA4kaaUDODirUwg
stuktv,UCK5Fn7Z6-iFMdxEye2FsKXg
jadeanna,UCF5gjrsLkNqI5dbFVpokkNw
don,UC-XguAp8kn-0tRqm0w2gYNw
stefandevries,UCOLAaOyjwTyPRb4NtN0D40w
betasquad,UCxOzbkk0bdVl6-tH1Fcajfg
royalistiq,UC6UTBWQJOvtGIjdBcC7WwPw
touzani,UCto2NI994eyiEgP2eB3Jwdg
feyenoord,UCg_DGzRRIQlXpHxCrMMiAIQ
sidemen,UCDogdKl7t7NHzQ95aEwkdMw
rijkhofman,UClOXnNzA9RI2dWd-bhIrwKg
markiplier,UC7_YxT-KID8kRbqZo7MyscQ
monstertube,UCw_HtXdr-jr7A0GuAEEOo9A
samandcolby,UCg3gzldyhCHJjY7AWWTNPPA
isae,UCa1Hy6QFbZLAHt97ABM3GVg
chatmo,UC8gksu87NaSOe6_SMRQeewg
ishowspeed,UCWsDFcIhY2DBi3GB5uykGXA
amp,UCJbYdyufHR-cxOuY96KIoqA
espn,UCiWLfSweyRNmLpgEHekhoAg
laatkomers,UCTazmNdltdzNs2_a9S9M__g
coryxkenshin,UCiYcA0gJzg855iSKMrX3oHg
msa,UCYzEMRKqrh01-tauv7MYyVQ
kleinejohn,UCmpBLWm1AvRtThEG6DsmiTg
paraduze,UCaeE4Ci4qayB1i5NrlQMyEQ
straykids,UC9rMiEjNaCSsebs31MRDCRA
gamemeneer,UCU0TjDaglN5awRHKY_tThzA
creachick,UCqU8DkxHjEskQYuNiKS8hdQ
glowmovies,UCVW-rO63J7bTMCxG9RsT7Pg
hanwe,UCJx1izJJh2GSQnn9Rmh3mAQ
tommyinnit,UC5p_l5ZeB_wGjO_yDXwiqvw
familielakap,UCnBr_yJS0OTvMVu7jeqaPwA
ssundee,UCke6I9N4KfC968-yRcd5YRg
sturniolotriplets,UCfA5CSlYGseqSeOhsiiZTfw
acid,UCKlZpjA9AH9JJQ9EO6Ek9Yg
harm,UCdG3OPC1WvPBWFvnfmYnWNg
kaicenat,UCoEmptob-eEGKk18c2VplJg
kriekel,UC1OhWZCBKrxR-Kxe72gmdHQ
ziggosport,UCueOZEvMffxjJyVO1fGiJNQ
jordystorm,UCxmFU73cNUBMdmAcFtusHMg
gametheory,UCo_IB5145EVNcf8hw1Kku7w
yarasky,UCOj5e5vveMzgwv2hHOFODLA
